onset	duration	trial_type	response_time	sample	value
6.2353000000	0.0002000000	stimulus	n/a	62353.0000000000	Median - Stimulation
6.9699000000	0.0002000000	stimulus	n/a	69699.0000000000	Median - Stimulation
7.7742000000	0.0002000000	stimulus	n/a	77742.0000000000	Median - Stimulation
8.5273000000	0.0002000000	stimulus	n/a	85273.0000000000	Median - Stimulation
9.2668000000	0.0002000000	stimulus	n/a	92668.0000000000	Median - Stimulation
10.0607000000	0.0002000000	stimulus	n/a	100607.0000000000	Median - Stimulation
10.8044000000	0.0002000000	stimulus	n/a	108044.0000000000	Median - Stimulation
11.5960000000	0.0002000000	stimulus	n/a	115960.0000000000	Median - Stimulation
12.3186000000	0.0002000000	stimulus	n/a	123186.0000000000	Median - Stimulation
13.0789000000	0.0002000000	stimulus	n/a	130789.0000000000	Median - Stimulation
13.8925000000	0.0002000000	stimulus	n/a	138925.0000000000	Median - Stimulation
14.6241000000	0.0002000000	stimulus	n/a	146241.0000000000	Median - Stimulation
15.3588000000	0.0002000000	stimulus	n/a	153588.0000000000	Median - Stimulation
16.1437000000	0.0002000000	stimulus	n/a	161437.0000000000	Median - Stimulation
16.8863000000	0.0002000000	stimulus	n/a	168863.0000000000	Median - Stimulation
17.6429000000	0.0002000000	stimulus	n/a	176429.0000000000	Median - Stimulation
18.4059000000	0.0002000000	stimulus	n/a	184059.0000000000	Median - Stimulation
19.2035000000	0.0002000000	stimulus	n/a	192035.0000000000	Median - Stimulation
19.9555000000	0.0002000000	stimulus	n/a	199555.0000000000	Median - Stimulation
20.6781000000	0.0002000000	stimulus	n/a	206781.0000000000	Median - Stimulation
21.4711000000	0.0002000000	stimulus	n/a	214711.0000000000	Median - Stimulation
22.2337000000	0.0002000000	stimulus	n/a	222337.0000000000	Median - Stimulation
23.0257000000	0.0002000000	stimulus	n/a	230257.0000000000	Median - Stimulation
23.8397000000	0.0002000000	stimulus	n/a	238397.0000000000	Median - Stimulation
24.6263000000	0.0002000000	stimulus	n/a	246263.0000000000	Median - Stimulation
25.3889000000	0.0002000000	stimulus	n/a	253889.0000000000	Median - Stimulation
26.1163000000	0.0002000000	stimulus	n/a	261163.0000000000	Median - Stimulation
26.8882000000	0.0002000000	stimulus	n/a	268882.0000000000	Median - Stimulation
27.6139000000	0.0002000000	stimulus	n/a	276139.0000000000	Median - Stimulation
28.4285000000	0.0002000000	stimulus	n/a	284285.0000000000	Median - Stimulation
29.2241000000	0.0002000000	stimulus	n/a	292241.0000000000	Median - Stimulation
30.0298000000	0.0002000000	stimulus	n/a	300298.0000000000	Median - Stimulation
30.7748000000	0.0002000000	stimulus	n/a	307748.0000000000	Median - Stimulation
31.5455000000	0.0002000000	stimulus	n/a	315455.0000000000	Median - Stimulation
32.3111000000	0.0002000000	stimulus	n/a	323111.0000000000	Median - Stimulation
33.0898000000	0.0002000000	stimulus	n/a	330898.0000000000	Median - Stimulation
33.8418000000	0.0002000000	stimulus	n/a	338418.0000000000	Median - Stimulation
34.5658000000	0.0002000000	stimulus	n/a	345658.0000000000	Median - Stimulation
35.3694000000	0.0002000000	stimulus	n/a	353694.0000000000	Median - Stimulation
36.0836000000	0.0002000000	stimulus	n/a	360836.0000000000	Median - Stimulation
36.8393000000	0.0002000000	stimulus	n/a	368393.0000000000	Median - Stimulation
37.5755000000	0.0002000000	stimulus	n/a	375755.0000000000	Median - Stimulation
38.3932000000	0.0002000000	stimulus	n/a	383932.0000000000	Median - Stimulation
39.1132000000	0.0002000000	stimulus	n/a	391132.0000000000	Median - Stimulation
39.8442000000	0.0002000000	stimulus	n/a	398442.0000000000	Median - Stimulation
40.5868000000	0.0002000000	stimulus	n/a	405868.0000000000	Median - Stimulation
41.3178000000	0.0002000000	stimulus	n/a	413178.0000000000	Median - Stimulation
42.1274000000	0.0002000000	stimulus	n/a	421274.0000000000	Median - Stimulation
42.9390000000	0.0002000000	stimulus	n/a	429390.0000000000	Median - Stimulation
43.7382000000	0.0002000000	stimulus	n/a	437382.0000000000	Median - Stimulation
44.5108000000	0.0002000000	stimulus	n/a	445108.0000000000	Median - Stimulation
45.2864000000	0.0002000000	stimulus	n/a	452864.0000000000	Median - Stimulation
46.0291000000	0.0002000000	stimulus	n/a	460291.0000000000	Median - Stimulation
46.8167000000	0.0002000000	stimulus	n/a	468167.0000000000	Median - Stimulation
47.6253000000	0.0002000000	stimulus	n/a	476253.0000000000	Median - Stimulation
48.3968000000	0.0002000000	stimulus	n/a	483968.0000000000	Median - Stimulation
49.1118000000	0.0002000000	stimulus	n/a	491118.0000000000	Median - Stimulation
49.9007000000	0.0002000000	stimulus	n/a	499007.0000000000	Median - Stimulation
50.6548000000	0.0002000000	stimulus	n/a	506548.0000000000	Median - Stimulation
51.4041000000	0.0002000000	stimulus	n/a	514041.0000000000	Median - Stimulation
52.1737000000	0.0002000000	stimulus	n/a	521737.0000000000	Median - Stimulation
52.9673000000	0.0002000000	stimulus	n/a	529673.0000000000	Median - Stimulation
53.7563000000	0.0002000000	stimulus	n/a	537563.0000000000	Median - Stimulation
54.4936000000	0.0002000000	stimulus	n/a	544936.0000000000	Median - Stimulation
55.2956000000	0.0002000000	stimulus	n/a	552956.0000000000	Median - Stimulation
56.0842000000	0.0002000000	stimulus	n/a	560842.0000000000	Median - Stimulation
56.8033000000	0.0002000000	stimulus	n/a	568033.0000000000	Median - Stimulation
57.6089000000	0.0002000000	stimulus	n/a	576089.0000000000	Median - Stimulation
58.3856000000	0.0002000000	stimulus	n/a	583856.0000000000	Median - Stimulation
59.1122000000	0.0002000000	stimulus	n/a	591122.0000000000	Median - Stimulation
59.9148000000	0.0002000000	stimulus	n/a	599148.0000000000	Median - Stimulation
60.6944000000	0.0002000000	stimulus	n/a	606944.0000000000	Median - Stimulation
61.4404000000	0.0002000000	stimulus	n/a	614404.0000000000	Median - Stimulation
62.2317000000	0.0002000000	stimulus	n/a	622317.0000000000	Median - Stimulation
63.0397000000	0.0002000000	stimulus	n/a	630397.0000000000	Median - Stimulation
63.8214000000	0.0002000000	stimulus	n/a	638214.0000000000	Median - Stimulation
64.6204000000	0.0002000000	stimulus	n/a	646204.0000000000	Median - Stimulation
65.4333000000	0.0002000000	stimulus	n/a	654333.0000000000	Median - Stimulation
66.1749000000	0.0002000000	stimulus	n/a	661749.0000000000	Median - Stimulation
66.9569000000	0.0002000000	stimulus	n/a	669569.0000000000	Median - Stimulation
67.7119000000	0.0002000000	stimulus	n/a	677119.0000000000	Median - Stimulation
68.5139000000	0.0002000000	stimulus	n/a	685139.0000000000	Median - Stimulation
69.2974000000	0.0002000000	stimulus	n/a	692974.0000000000	Median - Stimulation
70.0971000000	0.0002000000	stimulus	n/a	700971.0000000000	Median - Stimulation
70.8387000000	0.0002000000	stimulus	n/a	708387.0000000000	Median - Stimulation
71.6217000000	0.0002000000	stimulus	n/a	716217.0000000000	Median - Stimulation
72.3413000000	0.0002000000	stimulus	n/a	723413.0000000000	Median - Stimulation
73.0730000000	0.0002000000	stimulus	n/a	730730.0000000000	Median - Stimulation
73.8180000000	0.0002000000	stimulus	n/a	738180.0000000000	Median - Stimulation
74.5363000000	0.0002000000	stimulus	n/a	745363.0000000000	Median - Stimulation
75.3509000000	0.0002000000	stimulus	n/a	753509.0000000000	Median - Stimulation
76.1356000000	0.0002000000	stimulus	n/a	761356.0000000000	Median - Stimulation
76.9336000000	0.0002000000	stimulus	n/a	769336.0000000000	Median - Stimulation
77.6613000000	0.0002000000	stimulus	n/a	776613.0000000000	Median - Stimulation
78.3889000000	0.0002000000	stimulus	n/a	783889.0000000000	Median - Stimulation
79.1407000000	0.0002000000	stimulus	n/a	791407.0000000000	Median - Stimulation
79.8952000000	0.0002000000	stimulus	n/a	798952.0000000000	Median - Stimulation
80.7102000000	0.0002000000	stimulus	n/a	807102.0000000000	Median - Stimulation
81.5088000000	0.0002000000	stimulus	n/a	815088.0000000000	Median - Stimulation
82.2901000000	0.0002000000	stimulus	n/a	822901.0000000000	Median - Stimulation
83.0338000000	0.0002000000	stimulus	n/a	830338.0000000000	Median - Stimulation
83.7517000000	0.0002000000	stimulus	n/a	837517.0000000000	Median - Stimulation
84.4824000000	0.0002000000	stimulus	n/a	844824.0000000000	Median - Stimulation
85.2840000000	0.0002000000	stimulus	n/a	852840.0000000000	Median - Stimulation
86.0366000000	0.0002000000	stimulus	n/a	860366.0000000000	Median - Stimulation
86.7986000000	0.0002000000	stimulus	n/a	867986.0000000000	Median - Stimulation
87.5503000000	0.0002000000	stimulus	n/a	875503.0000000000	Median - Stimulation
88.2812000000	0.0002000000	stimulus	n/a	882812.0000000000	Median - Stimulation
89.0019000000	0.0002000000	stimulus	n/a	890019.0000000000	Median - Stimulation
89.7361000000	0.0002000000	stimulus	n/a	897361.0000000000	Median - Stimulation
90.5267000000	0.0002000000	stimulus	n/a	905267.0000000000	Median - Stimulation
91.3137000000	0.0002000000	stimulus	n/a	913137.0000000000	Median - Stimulation
92.0587000000	0.0002000000	stimulus	n/a	920587.0000000000	Median - Stimulation
92.7943000000	0.0002000000	stimulus	n/a	927943.0000000000	Median - Stimulation
93.5293000000	0.0002000000	stimulus	n/a	935293.0000000000	Median - Stimulation
94.2859000000	0.0002000000	stimulus	n/a	942859.0000000000	Median - Stimulation
95.0165000000	0.0002000000	stimulus	n/a	950165.0000000000	Median - Stimulation
95.7931000000	0.0002000000	stimulus	n/a	957931.0000000000	Median - Stimulation
96.5542000000	0.0002000000	stimulus	n/a	965542.0000000000	Median - Stimulation
97.3328000000	0.0002000000	stimulus	n/a	973328.0000000000	Median - Stimulation
98.0685000000	0.0002000000	stimulus	n/a	980685.0000000000	Median - Stimulation
98.8246000000	0.0002000000	stimulus	n/a	988246.0000000000	Median - Stimulation
99.5802000000	0.0002000000	stimulus	n/a	995802.0000000000	Median - Stimulation
100.3852000000	0.0002000000	stimulus	n/a	1003852.0000000000	Median - Stimulation
101.1518000000	0.0002000000	stimulus	n/a	1011518.0000000000	Median - Stimulation
101.9272000000	0.0002000000	stimulus	n/a	1019272.0000000000	Median - Stimulation
102.7430000000	0.0002000000	stimulus	n/a	1027430.0000000000	Median - Stimulation
103.4681000000	0.0002000000	stimulus	n/a	1034681.0000000000	Median - Stimulation
104.2378000000	0.0002000000	stimulus	n/a	1042378.0000000000	Median - Stimulation
105.0444000000	0.0002000000	stimulus	n/a	1050444.0000000000	Median - Stimulation
105.7940000000	0.0002000000	stimulus	n/a	1057940.0000000000	Median - Stimulation
106.5780000000	0.0002000000	stimulus	n/a	1065780.0000000000	Median - Stimulation
107.3930000000	0.0002000000	stimulus	n/a	1073930.0000000000	Median - Stimulation
108.1786000000	0.0002000000	stimulus	n/a	1081786.0000000000	Median - Stimulation
108.9319000000	0.0002000000	stimulus	n/a	1089319.0000000000	Median - Stimulation
109.6905000000	0.0002000000	stimulus	n/a	1096905.0000000000	Median - Stimulation
110.4442000000	0.0002000000	stimulus	n/a	1104442.0000000000	Median - Stimulation
111.1721000000	0.0002000000	stimulus	n/a	1111721.0000000000	Median - Stimulation
111.8998000000	0.0002000000	stimulus	n/a	1118998.0000000000	Median - Stimulation
112.6684000000	0.0002000000	stimulus	n/a	1126684.0000000000	Median - Stimulation
113.4661000000	0.0002000000	stimulus	n/a	1134661.0000000000	Median - Stimulation
114.2283000000	0.0002000000	stimulus	n/a	1142283.0000000000	Median - Stimulation
115.0414000000	0.0002000000	stimulus	n/a	1150414.0000000000	Median - Stimulation
115.8391000000	0.0002000000	stimulus	n/a	1158391.0000000000	Median - Stimulation
116.6397000000	0.0002000000	stimulus	n/a	1166397.0000000000	Median - Stimulation
117.4193000000	0.0002000000	stimulus	n/a	1174193.0000000000	Median - Stimulation
118.2099000000	0.0002000000	stimulus	n/a	1182099.0000000000	Median - Stimulation
118.9397000000	0.0002000000	stimulus	n/a	1189397.0000000000	Median - Stimulation
119.6652000000	0.0002000000	stimulus	n/a	1196652.0000000000	Median - Stimulation
120.4648000000	0.0002000000	stimulus	n/a	1204648.0000000000	Median - Stimulation
121.2301000000	0.0002000000	stimulus	n/a	1212301.0000000000	Median - Stimulation
122.0171000000	0.0002000000	stimulus	n/a	1220171.0000000000	Median - Stimulation
122.7610000000	0.0002000000	stimulus	n/a	1227610.0000000000	Median - Stimulation
123.4856000000	0.0002000000	stimulus	n/a	1234856.0000000000	Median - Stimulation
124.2429000000	0.0002000000	stimulus	n/a	1242429.0000000000	Median - Stimulation
125.0055000000	0.0002000000	stimulus	n/a	1250055.0000000000	Median - Stimulation
125.8177000000	0.0002000000	stimulus	n/a	1258177.0000000000	Median - Stimulation
126.6167000000	0.0002000000	stimulus	n/a	1266167.0000000000	Median - Stimulation
127.3466000000	0.0002000000	stimulus	n/a	1273466.0000000000	Median - Stimulation
128.1493000000	0.0002000000	stimulus	n/a	1281493.0000000000	Median - Stimulation
128.9279000000	0.0002000000	stimulus	n/a	1289279.0000000000	Median - Stimulation
129.6559000000	0.0002000000	stimulus	n/a	1296559.0000000000	Median - Stimulation
130.4485000000	0.0002000000	stimulus	n/a	1304485.0000000000	Median - Stimulation
131.2415000000	0.0002000000	stimulus	n/a	1312415.0000000000	Median - Stimulation
131.9577000000	0.0002000000	stimulus	n/a	1319577.0000000000	Median - Stimulation
132.7694000000	0.0002000000	stimulus	n/a	1327694.0000000000	Median - Stimulation
133.5820000000	0.0002000000	stimulus	n/a	1335820.0000000000	Median - Stimulation
134.3326000000	0.0002000000	stimulus	n/a	1343326.0000000000	Median - Stimulation
135.0611000000	0.0002000000	stimulus	n/a	1350611.0000000000	Median - Stimulation
135.8589000000	0.0002000000	stimulus	n/a	1358589.0000000000	Median - Stimulation
136.6365000000	0.0002000000	stimulus	n/a	1366365.0000000000	Median - Stimulation
137.3872000000	0.0002000000	stimulus	n/a	1373872.0000000000	Median - Stimulation
138.1748000000	0.0002000000	stimulus	n/a	1381748.0000000000	Median - Stimulation
138.8958000000	0.0002000000	stimulus	n/a	1388958.0000000000	Median - Stimulation
139.7137000000	0.0002000000	stimulus	n/a	1397137.0000000000	Median - Stimulation
140.4542000000	0.0002000000	stimulus	n/a	1404542.0000000000	Median - Stimulation
141.2102000000	0.0002000000	stimulus	n/a	1412102.0000000000	Median - Stimulation
141.9918000000	0.0002000000	stimulus	n/a	1419918.0000000000	Median - Stimulation
142.7244000000	0.0002000000	stimulus	n/a	1427244.0000000000	Median - Stimulation
143.5329000000	0.0002000000	stimulus	n/a	1435329.0000000000	Median - Stimulation
144.2565000000	0.0002000000	stimulus	n/a	1442565.0000000000	Median - Stimulation
145.0401000000	0.0002000000	stimulus	n/a	1450401.0000000000	Median - Stimulation
145.8511000000	0.0002000000	stimulus	n/a	1458511.0000000000	Median - Stimulation
146.5994000000	0.0002000000	stimulus	n/a	1465994.0000000000	Median - Stimulation
147.3894000000	0.0002000000	stimulus	n/a	1473894.0000000000	Median - Stimulation
148.1630000000	0.0002000000	stimulus	n/a	1481630.0000000000	Median - Stimulation
148.9000000000	0.0002000000	stimulus	n/a	1489000.0000000000	Median - Stimulation
149.7116000000	0.0002000000	stimulus	n/a	1497116.0000000000	Median - Stimulation
150.4355000000	0.0002000000	stimulus	n/a	1504355.0000000000	Median - Stimulation
151.2262000000	0.0002000000	stimulus	n/a	1512262.0000000000	Median - Stimulation
152.0062000000	0.0002000000	stimulus	n/a	1520062.0000000000	Median - Stimulation
152.7678000000	0.0002000000	stimulus	n/a	1527678.0000000000	Median - Stimulation
153.5284000000	0.0002000000	stimulus	n/a	1535284.0000000000	Median - Stimulation
154.2750000000	0.0002000000	stimulus	n/a	1542750.0000000000	Median - Stimulation
155.0240000000	0.0002000000	stimulus	n/a	1550240.0000000000	Median - Stimulation
155.7566000000	0.0002000000	stimulus	n/a	1557566.0000000000	Median - Stimulation
156.5036000000	0.0002000000	stimulus	n/a	1565036.0000000000	Median - Stimulation
157.3116000000	0.0002000000	stimulus	n/a	1573116.0000000000	Median - Stimulation
158.0399000000	0.0002000000	stimulus	n/a	1580399.0000000000	Median - Stimulation
158.7575000000	0.0002000000	stimulus	n/a	1587575.0000000000	Median - Stimulation
159.5671000000	0.0002000000	stimulus	n/a	1595671.0000000000	Median - Stimulation
160.3178000000	0.0002000000	stimulus	n/a	1603178.0000000000	Median - Stimulation
161.0748000000	0.0002000000	stimulus	n/a	1610748.0000000000	Median - Stimulation
161.8848000000	0.0002000000	stimulus	n/a	1618848.0000000000	Median - Stimulation
162.6474000000	0.0002000000	stimulus	n/a	1626474.0000000000	Median - Stimulation
163.3637000000	0.0002000000	stimulus	n/a	1633637.0000000000	Median - Stimulation
164.1287000000	0.0002000000	stimulus	n/a	1641287.0000000000	Median - Stimulation
164.9273000000	0.0002000000	stimulus	n/a	1649273.0000000000	Median - Stimulation
165.7080000000	0.0002000000	stimulus	n/a	1657080.0000000000	Median - Stimulation
166.5176000000	0.0002000000	stimulus	n/a	1665176.0000000000	Median - Stimulation
167.2423000000	0.0002000000	stimulus	n/a	1672423.0000000000	Median - Stimulation
167.9959000000	0.0002000000	stimulus	n/a	1679959.0000000000	Median - Stimulation
168.7175000000	0.0002000000	stimulus	n/a	1687175.0000000000	Median - Stimulation
169.4701000000	0.0002000000	stimulus	n/a	1694701.0000000000	Median - Stimulation
170.2197000000	0.0002000000	stimulus	n/a	1702197.0000000000	Median - Stimulation
170.9340000000	0.0002000000	stimulus	n/a	1709340.0000000000	Median - Stimulation
171.7067000000	0.0002000000	stimulus	n/a	1717067.0000000000	Median - Stimulation
172.4654000000	0.0002000000	stimulus	n/a	1724654.0000000000	Median - Stimulation
173.2430000000	0.0002000000	stimulus	n/a	1732430.0000000000	Median - Stimulation
173.9676000000	0.0002000000	stimulus	n/a	1739676.0000000000	Median - Stimulation
174.7282000000	0.0002000000	stimulus	n/a	1747282.0000000000	Median - Stimulation
175.5010000000	0.0002000000	stimulus	n/a	1755010.0000000000	Median - Stimulation
176.3053000000	0.0002000000	stimulus	n/a	1763053.0000000000	Median - Stimulation
177.0440000000	0.0002000000	stimulus	n/a	1770440.0000000000	Median - Stimulation
177.7910000000	0.0002000000	stimulus	n/a	1777910.0000000000	Median - Stimulation
178.5650000000	0.0002000000	stimulus	n/a	1785650.0000000000	Median - Stimulation
179.3526000000	0.0002000000	stimulus	n/a	1793526.0000000000	Median - Stimulation
180.1416000000	0.0002000000	stimulus	n/a	1801416.0000000000	Median - Stimulation
180.8786000000	0.0002000000	stimulus	n/a	1808786.0000000000	Median - Stimulation
181.6503000000	0.0002000000	stimulus	n/a	1816503.0000000000	Median - Stimulation
182.4243000000	0.0002000000	stimulus	n/a	1824243.0000000000	Median - Stimulation
183.2229000000	0.0002000000	stimulus	n/a	1832229.0000000000	Median - Stimulation
183.9605000000	0.0002000000	stimulus	n/a	1839605.0000000000	Median - Stimulation
184.6891000000	0.0002000000	stimulus	n/a	1846891.0000000000	Median - Stimulation
185.4911000000	0.0002000000	stimulus	n/a	1854911.0000000000	Median - Stimulation
186.2860000000	0.0002000000	stimulus	n/a	1862860.0000000000	Median - Stimulation
187.0530000000	0.0002000000	stimulus	n/a	1870530.0000000000	Median - Stimulation
187.7996000000	0.0002000000	stimulus	n/a	1877996.0000000000	Median - Stimulation
188.5936000000	0.0002000000	stimulus	n/a	1885936.0000000000	Median - Stimulation
189.3756000000	0.0002000000	stimulus	n/a	1893756.0000000000	Median - Stimulation
190.1216000000	0.0002000000	stimulus	n/a	1901216.0000000000	Median - Stimulation
190.8719000000	0.0002000000	stimulus	n/a	1908719.0000000000	Median - Stimulation
191.6309000000	0.0002000000	stimulus	n/a	1916309.0000000000	Median - Stimulation
192.3864000000	0.0002000000	stimulus	n/a	1923864.0000000000	Median - Stimulation
193.1554000000	0.0002000000	stimulus	n/a	1931554.0000000000	Median - Stimulation
193.9622000000	0.0002000000	stimulus	n/a	1939622.0000000000	Median - Stimulation
194.6857000000	0.0002000000	stimulus	n/a	1946857.0000000000	Median - Stimulation
195.4783000000	0.0002000000	stimulus	n/a	1954783.0000000000	Median - Stimulation
196.2070000000	0.0002000000	stimulus	n/a	1962070.0000000000	Median - Stimulation
196.9587000000	0.0002000000	stimulus	n/a	1969587.0000000000	Median - Stimulation
197.7673000000	0.0002000000	stimulus	n/a	1977673.0000000000	Median - Stimulation
198.5620000000	0.0002000000	stimulus	n/a	1985620.0000000000	Median - Stimulation
199.3190000000	0.0002000000	stimulus	n/a	1993190.0000000000	Median - Stimulation
200.0343000000	0.0002000000	stimulus	n/a	2000343.0000000000	Median - Stimulation
200.8220000000	0.0002000000	stimulus	n/a	2008220.0000000000	Median - Stimulation
201.5436000000	0.0002000000	stimulus	n/a	2015436.0000000000	Median - Stimulation
202.2892000000	0.0002000000	stimulus	n/a	2022892.0000000000	Median - Stimulation
203.0202000000	0.0002000000	stimulus	n/a	2030202.0000000000	Median - Stimulation
203.7888000000	0.0002000000	stimulus	n/a	2037888.0000000000	Median - Stimulation
204.5755000000	0.0002000000	stimulus	n/a	2045755.0000000000	Median - Stimulation
205.3724000000	0.0002000000	stimulus	n/a	2053724.0000000000	Median - Stimulation
206.1550000000	0.0002000000	stimulus	n/a	2061550.0000000000	Median - Stimulation
206.9486000000	0.0002000000	stimulus	n/a	2069486.0000000000	Median - Stimulation
207.7576000000	0.0002000000	stimulus	n/a	2077576.0000000000	Median - Stimulation
208.5303000000	0.0002000000	stimulus	n/a	2085303.0000000000	Median - Stimulation
209.3139000000	0.0002000000	stimulus	n/a	2093139.0000000000	Median - Stimulation
210.0966000000	0.0002000000	stimulus	n/a	2100966.0000000000	Median - Stimulation
210.8492000000	0.0002000000	stimulus	n/a	2108492.0000000000	Median - Stimulation
211.6089000000	0.0002000000	stimulus	n/a	2116089.0000000000	Median - Stimulation
212.3515000000	0.0002000000	stimulus	n/a	2123515.0000000000	Median - Stimulation
213.1265000000	0.0002000000	stimulus	n/a	2131265.0000000000	Median - Stimulation
213.8611000000	0.0002000000	stimulus	n/a	2138611.0000000000	Median - Stimulation
214.6534000000	0.0002000000	stimulus	n/a	2146534.0000000000	Median - Stimulation
215.4204000000	0.0002000000	stimulus	n/a	2154204.0000000000	Median - Stimulation
216.1859000000	0.0002000000	stimulus	n/a	2161859.0000000000	Median - Stimulation
216.9506000000	0.0002000000	stimulus	n/a	2169506.0000000000	Median - Stimulation
217.6692000000	0.0002000000	stimulus	n/a	2176692.0000000000	Median - Stimulation
218.4798000000	0.0002000000	stimulus	n/a	2184798.0000000000	Median - Stimulation
219.1994000000	0.0002000000	stimulus	n/a	2191994.0000000000	Median - Stimulation
219.9940000000	0.0002000000	stimulus	n/a	2199940.0000000000	Median - Stimulation
220.7530000000	0.0002000000	stimulus	n/a	2207530.0000000000	Median - Stimulation
221.4817000000	0.0002000000	stimulus	n/a	2214817.0000000000	Median - Stimulation
222.2463000000	0.0002000000	stimulus	n/a	2222463.0000000000	Median - Stimulation
223.0209000000	0.0002000000	stimulus	n/a	2230209.0000000000	Median - Stimulation
223.8286000000	0.0002000000	stimulus	n/a	2238286.0000000000	Median - Stimulation
224.6068000000	0.0002000000	stimulus	n/a	2246068.0000000000	Median - Stimulation
225.3995000000	0.0002000000	stimulus	n/a	2253995.0000000000	Median - Stimulation
226.2171000000	0.0002000000	stimulus	n/a	2262171.0000000000	Median - Stimulation
226.9567000000	0.0002000000	stimulus	n/a	2269567.0000000000	Median - Stimulation
227.7397000000	0.0002000000	stimulus	n/a	2277397.0000000000	Median - Stimulation
228.4940000000	0.0002000000	stimulus	n/a	2284940.0000000000	Median - Stimulation
229.2386000000	0.0002000000	stimulus	n/a	2292386.0000000000	Median - Stimulation
230.0302000000	0.0002000000	stimulus	n/a	2300302.0000000000	Median - Stimulation
230.8458000000	0.0002000000	stimulus	n/a	2308458.0000000000	Median - Stimulation
231.6164000000	0.0002000000	stimulus	n/a	2316164.0000000000	Median - Stimulation
232.4270000000	0.0002000000	stimulus	n/a	2324270.0000000000	Median - Stimulation
233.1946000000	0.0002000000	stimulus	n/a	2331946.0000000000	Median - Stimulation
233.9318000000	0.0002000000	stimulus	n/a	2339318.0000000000	Median - Stimulation
234.6674000000	0.0002000000	stimulus	n/a	2346674.0000000000	Median - Stimulation
235.4184000000	0.0002000000	stimulus	n/a	2354184.0000000000	Median - Stimulation
236.1488000000	0.0002000000	stimulus	n/a	2361488.0000000000	Median - Stimulation
236.8908000000	0.0002000000	stimulus	n/a	2368908.0000000000	Median - Stimulation
237.6864000000	0.0002000000	stimulus	n/a	2376864.0000000000	Median - Stimulation
238.4690000000	0.0002000000	stimulus	n/a	2384690.0000000000	Median - Stimulation
239.2043000000	0.0002000000	stimulus	n/a	2392043.0000000000	Median - Stimulation
240.0062000000	0.0002000000	stimulus	n/a	2400062.0000000000	Median - Stimulation
240.8062000000	0.0002000000	stimulus	n/a	2408062.0000000000	Median - Stimulation
241.5418000000	0.0002000000	stimulus	n/a	2415418.0000000000	Median - Stimulation
242.3175000000	0.0002000000	stimulus	n/a	2423175.0000000000	Median - Stimulation
243.0895000000	0.0002000000	stimulus	n/a	2430895.0000000000	Median - Stimulation
243.8561000000	0.0002000000	stimulus	n/a	2438561.0000000000	Median - Stimulation
244.6547000000	0.0002000000	stimulus	n/a	2446547.0000000000	Median - Stimulation
245.3884000000	0.0002000000	stimulus	n/a	2453884.0000000000	Median - Stimulation
246.1769000000	0.0002000000	stimulus	n/a	2461769.0000000000	Median - Stimulation
246.9122000000	0.0002000000	stimulus	n/a	2469122.0000000000	Median - Stimulation
247.6902000000	0.0002000000	stimulus	n/a	2476902.0000000000	Median - Stimulation
248.4128000000	0.0002000000	stimulus	n/a	2484128.0000000000	Median - Stimulation
249.2135000000	0.0002000000	stimulus	n/a	2492135.0000000000	Median - Stimulation
249.9462000000	0.0002000000	stimulus	n/a	2499462.0000000000	Median - Stimulation
250.7212000000	0.0002000000	stimulus	n/a	2507212.0000000000	Median - Stimulation
251.5228000000	0.0002000000	stimulus	n/a	2515228.0000000000	Median - Stimulation
252.3284000000	0.0002000000	stimulus	n/a	2523284.0000000000	Median - Stimulation
253.1322000000	0.0002000000	stimulus	n/a	2531322.0000000000	Median - Stimulation
253.9114000000	0.0002000000	stimulus	n/a	2539114.0000000000	Median - Stimulation
254.7280000000	0.0002000000	stimulus	n/a	2547280.0000000000	Median - Stimulation
255.5087000000	0.0002000000	stimulus	n/a	2555087.0000000000	Median - Stimulation
256.2533000000	0.0002000000	stimulus	n/a	2562533.0000000000	Median - Stimulation
256.9820000000	0.0002000000	stimulus	n/a	2569820.0000000000	Median - Stimulation
257.7476000000	0.0002000000	stimulus	n/a	2577476.0000000000	Median - Stimulation
258.5062000000	0.0002000000	stimulus	n/a	2585062.0000000000	Median - Stimulation
259.2689000000	0.0002000000	stimulus	n/a	2592689.0000000000	Median - Stimulation
260.0785000000	0.0002000000	stimulus	n/a	2600785.0000000000	Median - Stimulation
260.8171000000	0.0002000000	stimulus	n/a	2608171.0000000000	Median - Stimulation
261.5821000000	0.0002000000	stimulus	n/a	2615821.0000000000	Median - Stimulation
262.3557000000	0.0002000000	stimulus	n/a	2623557.0000000000	Median - Stimulation
263.1014000000	0.0002000000	stimulus	n/a	2631014.0000000000	Median - Stimulation
263.8924000000	0.0002000000	stimulus	n/a	2638924.0000000000	Median - Stimulation
264.6493000000	0.0002000000	stimulus	n/a	2646493.0000000000	Median - Stimulation
265.4346000000	0.0002000000	stimulus	n/a	2654346.0000000000	Median - Stimulation
266.1813000000	0.0002000000	stimulus	n/a	2661813.0000000000	Median - Stimulation
266.9532000000	0.0002000000	stimulus	n/a	2669532.0000000000	Median - Stimulation
267.6848000000	0.0002000000	stimulus	n/a	2676848.0000000000	Median - Stimulation
268.4315000000	0.0002000000	stimulus	n/a	2684315.0000000000	Median - Stimulation
269.1571000000	0.0002000000	stimulus	n/a	2691571.0000000000	Median - Stimulation
269.9077000000	0.0002000000	stimulus	n/a	2699077.0000000000	Median - Stimulation
270.6847000000	0.0002000000	stimulus	n/a	2706847.0000000000	Median - Stimulation
271.4334000000	0.0002000000	stimulus	n/a	2714334.0000000000	Median - Stimulation
272.1811000000	0.0002000000	stimulus	n/a	2721811.0000000000	Median - Stimulation
272.9474000000	0.0002000000	stimulus	n/a	2729474.0000000000	Median - Stimulation
273.7510000000	0.0002000000	stimulus	n/a	2737510.0000000000	Median - Stimulation
274.5326000000	0.0002000000	stimulus	n/a	2745326.0000000000	Median - Stimulation
275.2556000000	0.0002000000	stimulus	n/a	2752556.0000000000	Median - Stimulation
276.0233000000	0.0002000000	stimulus	n/a	2760233.0000000000	Median - Stimulation
276.7941000000	0.0002000000	stimulus	n/a	2767941.0000000000	Median - Stimulation
277.5581000000	0.0002000000	stimulus	n/a	2775581.0000000000	Median - Stimulation
278.2933000000	0.0002000000	stimulus	n/a	2782933.0000000000	Median - Stimulation
279.0653000000	0.0002000000	stimulus	n/a	2790653.0000000000	Median - Stimulation
279.8549000000	0.0002000000	stimulus	n/a	2798549.0000000000	Median - Stimulation
280.6517000000	0.0002000000	stimulus	n/a	2806517.0000000000	Median - Stimulation
281.4517000000	0.0002000000	stimulus	n/a	2814517.0000000000	Median - Stimulation
282.2463000000	0.0002000000	stimulus	n/a	2822463.0000000000	Median - Stimulation
282.9663000000	0.0002000000	stimulus	n/a	2829663.0000000000	Median - Stimulation
283.7629000000	0.0002000000	stimulus	n/a	2837629.0000000000	Median - Stimulation
284.4899000000	0.0002000000	stimulus	n/a	2844899.0000000000	Median - Stimulation
285.2534000000	0.0002000000	stimulus	n/a	2852534.0000000000	Median - Stimulation
286.0147000000	0.0002000000	stimulus	n/a	2860147.0000000000	Median - Stimulation
286.7904000000	0.0002000000	stimulus	n/a	2867904.0000000000	Median - Stimulation
287.5741000000	0.0002000000	stimulus	n/a	2875741.0000000000	Median - Stimulation
288.3557000000	0.0002000000	stimulus	n/a	2883557.0000000000	Median - Stimulation
289.1413000000	0.0002000000	stimulus	n/a	2891413.0000000000	Median - Stimulation
289.8759000000	0.0002000000	stimulus	n/a	2898759.0000000000	Median - Stimulation
290.6238000000	0.0002000000	stimulus	n/a	2906238.0000000000	Median - Stimulation
291.3888000000	0.0002000000	stimulus	n/a	2913888.0000000000	Median - Stimulation
292.1504000000	0.0002000000	stimulus	n/a	2921504.0000000000	Median - Stimulation
292.9404000000	0.0002000000	stimulus	n/a	2929404.0000000000	Median - Stimulation
293.6904000000	0.0002000000	stimulus	n/a	2936904.0000000000	Median - Stimulation
294.4763000000	0.0002000000	stimulus	n/a	2944763.0000000000	Median - Stimulation
295.2173000000	0.0002000000	stimulus	n/a	2952173.0000000000	Median - Stimulation
295.9719000000	0.0002000000	stimulus	n/a	2959719.0000000000	Median - Stimulation
296.7325000000	0.0002000000	stimulus	n/a	2967325.0000000000	Median - Stimulation
297.5312000000	0.0002000000	stimulus	n/a	2975312.0000000000	Median - Stimulation
298.2762000000	0.0002000000	stimulus	n/a	2982762.0000000000	Median - Stimulation
299.0472000000	0.0002000000	stimulus	n/a	2990472.0000000000	Median - Stimulation
299.7818000000	0.0002000000	stimulus	n/a	2997818.0000000000	Median - Stimulation
300.5057000000	0.0002000000	stimulus	n/a	3005057.0000000000	Median - Stimulation
301.2267000000	0.0002000000	stimulus	n/a	3012267.0000000000	Median - Stimulation
302.0284000000	0.0002000000	stimulus	n/a	3020284.0000000000	Median - Stimulation
302.8350000000	0.0002000000	stimulus	n/a	3028350.0000000000	Median - Stimulation
303.6037000000	0.0002000000	stimulus	n/a	3036037.0000000000	Median - Stimulation
304.3794000000	0.0002000000	stimulus	n/a	3043794.0000000000	Median - Stimulation
305.1404000000	0.0002000000	stimulus	n/a	3051404.0000000000	Median - Stimulation
305.9180000000	0.0002000000	stimulus	n/a	3059180.0000000000	Median - Stimulation
306.7296000000	0.0002000000	stimulus	n/a	3067296.0000000000	Median - Stimulation
307.5433000000	0.0002000000	stimulus	n/a	3075433.0000000000	Median - Stimulation
308.3099000000	0.0002000000	stimulus	n/a	3083099.0000000000	Median - Stimulation
309.0968000000	0.0002000000	stimulus	n/a	3090968.0000000000	Median - Stimulation
309.9004000000	0.0002000000	stimulus	n/a	3099004.0000000000	Median - Stimulation
310.6508000000	0.0002000000	stimulus	n/a	3106508.0000000000	Median - Stimulation
311.4628000000	0.0002000000	stimulus	n/a	3114628.0000000000	Median - Stimulation
312.1894000000	0.0002000000	stimulus	n/a	3121894.0000000000	Median - Stimulation
312.9450000000	0.0002000000	stimulus	n/a	3129450.0000000000	Median - Stimulation
313.6656000000	0.0002000000	stimulus	n/a	3136656.0000000000	Median - Stimulation
314.4103000000	0.0002000000	stimulus	n/a	3144103.0000000000	Median - Stimulation
315.1983000000	0.0002000000	stimulus	n/a	3151983.0000000000	Median - Stimulation
315.9348000000	0.0002000000	stimulus	n/a	3159348.0000000000	Median - Stimulation
316.6718000000	0.0002000000	stimulus	n/a	3166718.0000000000	Median - Stimulation
317.4045000000	0.0002000000	stimulus	n/a	3174045.0000000000	Median - Stimulation
318.1798000000	0.0002000000	stimulus	n/a	3181798.0000000000	Median - Stimulation
318.9068000000	0.0002000000	stimulus	n/a	3189068.0000000000	Median - Stimulation
319.6923000000	0.0002000000	stimulus	n/a	3196923.0000000000	Median - Stimulation
320.4350000000	0.0002000000	stimulus	n/a	3204350.0000000000	Median - Stimulation
321.2076000000	0.0002000000	stimulus	n/a	3212076.0000000000	Median - Stimulation
321.9272000000	0.0002000000	stimulus	n/a	3219272.0000000000	Median - Stimulation
322.6704000000	0.0002000000	stimulus	n/a	3226704.0000000000	Median - Stimulation
323.4370000000	0.0002000000	stimulus	n/a	3234370.0000000000	Median - Stimulation
324.1945000000	0.0002000000	stimulus	n/a	3241945.0000000000	Median - Stimulation
324.9088000000	0.0002000000	stimulus	n/a	3249088.0000000000	Median - Stimulation
325.6534000000	0.0002000000	stimulus	n/a	3256534.0000000000	Median - Stimulation
326.4582000000	0.0002000000	stimulus	n/a	3264582.0000000000	Median - Stimulation
327.2068000000	0.0002000000	stimulus	n/a	3272068.0000000000	Median - Stimulation
328.0174000000	0.0002000000	stimulus	n/a	3280174.0000000000	Median - Stimulation
328.7384000000	0.0002000000	stimulus	n/a	3287384.0000000000	Median - Stimulation
329.5480000000	0.0002000000	stimulus	n/a	3295480.0000000000	Median - Stimulation
330.3383000000	0.0002000000	stimulus	n/a	3303383.0000000000	Median - Stimulation
331.0961000000	0.0002000000	stimulus	n/a	3310961.0000000000	Median - Stimulation
331.8608000000	0.0002000000	stimulus	n/a	3318608.0000000000	Median - Stimulation
332.6174000000	0.0002000000	stimulus	n/a	3326174.0000000000	Median - Stimulation
333.3579000000	0.0002000000	stimulus	n/a	3333579.0000000000	Median - Stimulation
334.0805000000	0.0002000000	stimulus	n/a	3340805.0000000000	Median - Stimulation
334.8051000000	0.0002000000	stimulus	n/a	3348051.0000000000	Median - Stimulation
335.6087000000	0.0002000000	stimulus	n/a	3356087.0000000000	Median - Stimulation
336.3842000000	0.0002000000	stimulus	n/a	3363842.0000000000	Median - Stimulation
337.1908000000	0.0002000000	stimulus	n/a	3371908.0000000000	Median - Stimulation
337.9324000000	0.0002000000	stimulus	n/a	3379324.0000000000	Median - Stimulation
338.6754000000	0.0002000000	stimulus	n/a	3386754.0000000000	Median - Stimulation
339.4804000000	0.0002000000	stimulus	n/a	3394804.0000000000	Median - Stimulation
340.2257000000	0.0002000000	stimulus	n/a	3402257.0000000000	Median - Stimulation
340.9874000000	0.0002000000	stimulus	n/a	3409874.0000000000	Median - Stimulation
341.7450000000	0.0002000000	stimulus	n/a	3417450.0000000000	Median - Stimulation
342.4806000000	0.0002000000	stimulus	n/a	3424806.0000000000	Median - Stimulation
343.2812000000	0.0002000000	stimulus	n/a	3432812.0000000000	Median - Stimulation
344.0108000000	0.0002000000	stimulus	n/a	3440108.0000000000	Median - Stimulation
344.8254000000	0.0002000000	stimulus	n/a	3448254.0000000000	Median - Stimulation
345.6120000000	0.0002000000	stimulus	n/a	3456120.0000000000	Median - Stimulation
346.3917000000	0.0002000000	stimulus	n/a	3463917.0000000000	Median - Stimulation
347.2043000000	0.0002000000	stimulus	n/a	3472043.0000000000	Median - Stimulation
348.0146000000	0.0002000000	stimulus	n/a	3480146.0000000000	Median - Stimulation
348.7912000000	0.0002000000	stimulus	n/a	3487912.0000000000	Median - Stimulation
349.5809000000	0.0002000000	stimulus	n/a	3495809.0000000000	Median - Stimulation
350.3715000000	0.0002000000	stimulus	n/a	3503715.0000000000	Median - Stimulation
351.1515000000	0.0002000000	stimulus	n/a	3511515.0000000000	Median - Stimulation
351.9110000000	0.0002000000	stimulus	n/a	3519110.0000000000	Median - Stimulation
352.7236000000	0.0002000000	stimulus	n/a	3527236.0000000000	Median - Stimulation
353.4694000000	0.0002000000	stimulus	n/a	3534694.0000000000	Median - Stimulation
354.2409000000	0.0002000000	stimulus	n/a	3542409.0000000000	Median - Stimulation
354.9744000000	0.0002000000	stimulus	n/a	3549744.0000000000	Median - Stimulation
355.7119000000	0.0002000000	stimulus	n/a	3557119.0000000000	Median - Stimulation
356.4529000000	0.0002000000	stimulus	n/a	3564529.0000000000	Median - Stimulation
357.2245000000	0.0002000000	stimulus	n/a	3572245.0000000000	Median - Stimulation
358.0132000000	0.0002000000	stimulus	n/a	3580132.0000000000	Median - Stimulation
358.7978000000	0.0002000000	stimulus	n/a	3587978.0000000000	Median - Stimulation
359.5948000000	0.0002000000	stimulus	n/a	3595948.0000000000	Median - Stimulation
360.3781000000	0.0002000000	stimulus	n/a	3603781.0000000000	Median - Stimulation
361.0940000000	0.0002000000	stimulus	n/a	3610940.0000000000	Median - Stimulation
361.8777000000	0.0002000000	stimulus	n/a	3618777.0000000000	Median - Stimulation
362.6032000000	0.0002000000	stimulus	n/a	3626032.0000000000	Median - Stimulation
363.3998000000	0.0002000000	stimulus	n/a	3633998.0000000000	Median - Stimulation
364.1604000000	0.0002000000	stimulus	n/a	3641604.0000000000	Median - Stimulation
364.9151000000	0.0002000000	stimulus	n/a	3649151.0000000000	Median - Stimulation
365.6491000000	0.0002000000	stimulus	n/a	3656491.0000000000	Median - Stimulation
366.3867000000	0.0002000000	stimulus	n/a	3663867.0000000000	Median - Stimulation
367.1027000000	0.0002000000	stimulus	n/a	3671027.0000000000	Median - Stimulation
367.8210000000	0.0002000000	stimulus	n/a	3678210.0000000000	Median - Stimulation
368.6180000000	0.0002000000	stimulus	n/a	3686180.0000000000	Median - Stimulation
369.3366000000	0.0002000000	stimulus	n/a	3693366.0000000000	Median - Stimulation
370.1395000000	0.0002000000	stimulus	n/a	3701395.0000000000	Median - Stimulation
370.9105000000	0.0002000000	stimulus	n/a	3709105.0000000000	Median - Stimulation
371.6522000000	0.0002000000	stimulus	n/a	3716522.0000000000	Median - Stimulation
372.4529000000	0.0002000000	stimulus	n/a	3724529.0000000000	Median - Stimulation
373.1708000000	0.0002000000	stimulus	n/a	3731708.0000000000	Median - Stimulation
373.8985000000	0.0002000000	stimulus	n/a	3738985.0000000000	Median - Stimulation
374.6191000000	0.0002000000	stimulus	n/a	3746191.0000000000	Median - Stimulation
375.3843000000	0.0002000000	stimulus	n/a	3753843.0000000000	Median - Stimulation
376.1883000000	0.0002000000	stimulus	n/a	3761883.0000000000	Median - Stimulation
376.9940000000	0.0002000000	stimulus	n/a	3769940.0000000000	Median - Stimulation
377.8027000000	0.0002000000	stimulus	n/a	3778027.0000000000	Median - Stimulation
378.5443000000	0.0002000000	stimulus	n/a	3785443.0000000000	Median - Stimulation
379.3249000000	0.0002000000	stimulus	n/a	3793249.0000000000	Median - Stimulation
380.0546000000	0.0002000000	stimulus	n/a	3800546.0000000000	Median - Stimulation
380.8632000000	0.0002000000	stimulus	n/a	3808632.0000000000	Median - Stimulation
381.6338000000	0.0002000000	stimulus	n/a	3816338.0000000000	Median - Stimulation
382.4305000000	0.0002000000	stimulus	n/a	3824305.0000000000	Median - Stimulation
383.2112000000	0.0002000000	stimulus	n/a	3832112.0000000000	Median - Stimulation
383.9722000000	0.0002000000	stimulus	n/a	3839722.0000000000	Median - Stimulation
384.7165000000	0.0002000000	stimulus	n/a	3847165.0000000000	Median - Stimulation
385.4901000000	0.0002000000	stimulus	n/a	3854901.0000000000	Median - Stimulation
386.2275000000	0.0002000000	stimulus	n/a	3862275.0000000000	Median - Stimulation
387.0442000000	0.0002000000	stimulus	n/a	3870442.0000000000	Median - Stimulation
387.7781000000	0.0002000000	stimulus	n/a	3877781.0000000000	Median - Stimulation
